shopname,link
一禾一念·DIY手作·木工木艺·团建·音乐,http://www.dianping.com/shop/G7CMF0PI0uuMoP0d
ACG创意DIY团建·家庭日(淮海路总店),http://www.dianping.com/shop/k4ny43wbHRnsZcwj
Sunshine手作DIY体验馆(周浦万达店),http://www.dianping.com/shop/G6d7BIQCVKF2g2e7
彼得潘手作·手工diy工作室,http://www.dianping.com/shop/l9Jrx89Arhj4dmSI
第37个故事手作工坊,http://www.dianping.com/shop/k9LVvP19kRpu1y0w
Mosaic Crafts etc.土耳其马赛克灯手工创艺坊-DIY团建,http://www.dianping.com/shop/l8nlOhe38gQ4ydXS
奇遇の森林手工·烘焙·礼品·团建,http://www.dianping.com/shop/G4vTncz8dRCdCusm
Diy手工编织,http://www.dianping.com/shop/G8Hgdb3Ccwp5DvcD
安鲸造物·陶艺·香薰蜡烛·手工艺术,http://www.dianping.com/shop/G5009bYPp44OMYQM
理查德的diy蛋糕烘焙花园,http://www.dianping.com/shop/G7daalGIjbeHal4R
釉子器味,http://www.dianping.com/shop/laA4Vh3H3iOGJPXS
No.24法式刺绣工坊,http://www.dianping.com/shop/l1nbAopDZIUKCzRp
是良匠手工艺术(嘉善路店),http://www.dianping.com/shop/lajI74todTzZnrAT
PonPon朋朋烘焙DIY蛋糕团建,http://www.dianping.com/shop/G4mMLyG73Wqf4TZi
Glass Island 玻璃艺术&创意绘画 DIY 手作工作室,http://www.dianping.com/shop/G2D632g5KdcD7Co4